SIP_Date,Ticker,Year_Month,Year,Month_Number,SIP_Buy_Price,SIP_Close_Price,Day_of_Month_Executed
2010-01-04,GOLDBEES.NS,2010-01,2010,1,16.5499,16.5499,4
2010-02-01,GOLDBEES.NS,2010-02,2010,2,16.0575,16.0575,1
2010-03-02,GOLDBEES.NS,2010-03,2010,3,16.564,16.564,2
2010-04-01,GOLDBEES.NS,2010-04,2010,4,16.1534,16.1534,1
2010-05-03,GOLDBEES.NS,2010-05,2010,5,16.828,16.828,3
2010-06-01,GOLDBEES.NS,2010-06,2010,6,18.348,18.348,1
2010-07-01,GOLDBEES.NS,2010-07,2010,7,18.5555,18.5555,1
2010-08-02,GOLDBEES.NS,2010-08,2010,8,17.513,17.513,2
2010-09-01,GOLDBEES.NS,2010-09,2010,9,18.759,18.759,1
2010-10-01,GOLDBEES.NS,2010-10,2010,10,18.74,18.74,1
2010-11-01,GOLDBEES.NS,2010-11,2010,11,19.362,19.362,1
2010-12-01,GOLDBEES.NS,2010-12,2010,12,19.973,19.973,1
2011-01-03,GOLDBEES.NS,2011-01,2011,1,20.2115,20.2115,3
2011-02-01,GOLDBEES.NS,2011-02,2011,2,19.4745,19.4745,1
2011-03-01,GOLDBEES.NS,2011-03,2011,3,20.2475,20.2475,1
2011-04-01,GOLDBEES.NS,2011-04,2011,4,20.294,20.294,1
2011-05-02,GOLDBEES.NS,2011-05,2011,5,21.927,21.927,2
2011-06-01,GOLDBEES.NS,2011-06,2011,6,21.734,21.734,1
2011-07-01,GOLDBEES.NS,2011-07,2011,7,21.05,21.05,1
2011-08-01,GOLDBEES.NS,2011-08,2011,8,22.3475,22.3475,1
2011-09-02,GOLDBEES.NS,2011-09,2011,9,26.6815,26.6815,2
2011-10-03,GOLDBEES.NS,2011-10,2011,10,25.6335,25.6335,3
2011-11-01,GOLDBEES.NS,2011-11,2011,11,26.1625,26.1625,1
2011-12-01,GOLDBEES.NS,2011-12,2011,12,27.9665,27.9665,1
2012-01-02,GOLDBEES.NS,2012-01,2012,1,26.1925,26.1925,2
2012-02-01,GOLDBEES.NS,2012-02,2012,2,27.1225,27.1225,1
2012-03-01,GOLDBEES.NS,2012-03,2012,3,26.6033,26.6033,1
2012-04-02,GOLDBEES.NS,2012-04,2012,4,27.2925,27.2925,2
2012-05-02,GOLDBEES.NS,2012-05,2012,5,28.0387,28.0387,2
2012-06-01,GOLDBEES.NS,2012-06,2012,6,27.7791,27.7791,1
2012-07-02,GOLDBEES.NS,2012-07,2012,7,28.4958,28.4958,2
2012-08-01,GOLDBEES.NS,2012-08,2012,8,28.6402,28.6402,1
2012-09-03,GOLDBEES.NS,2012-09,2012,9,29.8433,29.8433,3
2012-10-01,GOLDBEES.NS,2012-10,2012,10,29.8506,29.8506,1
2012-11-01,GOLDBEES.NS,2012-11,2012,11,29.5187,29.5187,1
2012-12-03,GOLDBEES.NS,2012-12,2012,12,29.8754,29.8754,3
2013-01-01,GOLDBEES.NS,2013-01,2013,1,29.043,29.043,1
2013-02-01,GOLDBEES.NS,2013-02,2013,2,28.872,28.872,1
2013-03-01,GOLDBEES.NS,2013-03,2013,3,27.8246,27.8246,1
2013-04-01,GOLDBEES.NS,2013-04,2013,4,28.2481,28.2481,1
2013-05-02,GOLDBEES.NS,2013-05,2013,5,25.3769,25.3769,2
2013-06-03,GOLDBEES.NS,2013-06,2013,6,25.5565,25.5565,3
2013-07-01,GOLDBEES.NS,2013-07,2013,7,24.443,24.443,1
2013-08-01,GOLDBEES.NS,2013-08,2013,8,26.3345,26.3345,1
2013-09-02,GOLDBEES.NS,2013-09,2013,9,29.2095,29.2095,2
2013-10-01,GOLDBEES.NS,2013-10,2013,10,28.077,28.077,1
2013-11-01,GOLDBEES.NS,2013-11,2013,11,28.8095,28.8095,1
2013-12-02,GOLDBEES.NS,2013-12,2013,12,28.603,28.603,2
2014-01-01,GOLDBEES.NS,2014-01,2014,1,27.243,27.243,1
2014-02-03,GOLDBEES.NS,2014-02,2014,2,27.6045,27.6045,3
2014-03-03,GOLDBEES.NS,2014-03,2014,3,28.6155,28.6155,3
2014-04-01,GOLDBEES.NS,2014-04,2014,4,26.7775,26.7775,1
2014-05-02,GOLDBEES.NS,2014-05,2014,5,27.84,27.84,2
2014-06-02,GOLDBEES.NS,2014-06,2014,6,24.8015,24.8015,2
2014-07-01,GOLDBEES.NS,2014-07,2014,7,26.078,26.078,1
2014-08-01,GOLDBEES.NS,2014-08,2014,8,25.7875,25.7875,1
2014-09-01,GOLDBEES.NS,2014-09,2014,9,25.7095,25.7095,1
2014-10-01,GOLDBEES.NS,2014-10,2014,10,24.696,24.696,1
2014-11-03,GOLDBEES.NS,2014-11,2014,11,24.295,24.295,3
2014-12-01,GOLDBEES.NS,2014-12,2014,12,23.917,23.917,1
2015-01-01,GOLDBEES.NS,2015-01,2015,1,24.5635,24.5635,1
2015-02-02,GOLDBEES.NS,2015-02,2015,2,25.6975,25.6975,2
2015-03-02,GOLDBEES.NS,2015-03,2015,3,24.623,24.623,2
2015-04-01,GOLDBEES.NS,2015-04,2015,4,24.136,24.136,1
2015-05-04,GOLDBEES.NS,2015-05,2015,5,24.5275,24.5275,4
2015-06-01,GOLDBEES.NS,2015-06,2015,6,24.5115,24.5115,1
2015-07-01,GOLDBEES.NS,2015-07,2015,7,24.177,24.177,1
2015-08-03,GOLDBEES.NS,2015-08,2015,8,22.741,22.741,3
2015-09-01,GOLDBEES.NS,2015-09,2015,9,24.45,24.45,1
2015-10-01,GOLDBEES.NS,2015-10,2015,10,23.6615,23.6615,1
2015-11-02,GOLDBEES.NS,2015-11,2015,11,24.115,24.115,2
2015-12-01,GOLDBEES.NS,2015-12,2015,12,23.105,23.105,1
2016-01-01,GOLDBEES.NS,2016-01,2016,1,22.802,22.802,1
2016-02-01,GOLDBEES.NS,2016-02,2016,2,24.33,24.33,1
2016-03-01,GOLDBEES.NS,2016-03,2016,3,26.5155,26.5155,1
2016-04-01,GOLDBEES.NS,2016-04,2016,4,25.7885,25.7885,1
2016-05-02,GOLDBEES.NS,2016-05,2016,5,27.476,27.476,2
2016-06-01,GOLDBEES.NS,2016-06,2016,6,26.5015,26.5015,1
2016-07-01,GOLDBEES.NS,2016-07,2016,7,28.0185,28.0185,1
2016-08-01,GOLDBEES.NS,2016-08,2016,8,28.4555,28.4555,1
2016-09-01,GOLDBEES.NS,2016-09,2016,9,27.824,27.824,1
2016-10-03,GOLDBEES.NS,2016-10,2016,10,28.179,28.179,3
2016-11-01,GOLDBEES.NS,2016-11,2016,11,27.405,27.405,1
2016-12-01,GOLDBEES.NS,2016-12,2016,12,26.162,26.162,1
2017-01-02,GOLDBEES.NS,2017-01,2017,1,25.5835,25.5835,2
2017-02-01,GOLDBEES.NS,2017-02,2017,2,26.4335,26.4335,1
2017-03-01,GOLDBEES.NS,2017-03,2017,3,26.932,26.932,1
2017-04-03,GOLDBEES.NS,2017-04,2017,4,26.0825,26.0825,3
2017-05-02,GOLDBEES.NS,2017-05,2017,5,26.1785,26.1785,2
2017-06-01,GOLDBEES.NS,2017-06,2017,6,26.2915,26.2915,1
2017-07-03,GOLDBEES.NS,2017-07,2017,7,25.679,25.679,3
2017-08-01,GOLDBEES.NS,2017-08,2017,8,25.657,25.657,1
2017-09-01,GOLDBEES.NS,2017-09,2017,9,26.8185,26.8185,1
2017-10-03,GOLDBEES.NS,2017-10,2017,10,26.5835,26.5835,3
2017-11-01,GOLDBEES.NS,2017-11,2017,11,26.3355,26.3355,1
2017-12-01,GOLDBEES.NS,2017-12,2017,12,26.2465,26.2465,1
2018-01-01,GOLDBEES.NS,2018-01,2018,1,26.436,26.436,1
2018-02-01,GOLDBEES.NS,2018-02,2018,2,27.1425,27.1425,1
2018-03-01,GOLDBEES.NS,2018-03,2018,3,27.185,27.185,1
2018-04-02,GOLDBEES.NS,2018-04,2018,4,27.4525,27.4525,2
2018-05-02,GOLDBEES.NS,2018-05,2018,5,27.7045,27.7045,2
2018-06-01,GOLDBEES.NS,2018-06,2018,6,27.6455,27.6455,1
2018-07-02,GOLDBEES.NS,2018-07,2018,7,27.1445,27.1445,2
2018-08-01,GOLDBEES.NS,2018-08,2018,8,26.521,26.521,1
2018-09-03,GOLDBEES.NS,2018-09,2018,9,26.8825,26.8825,3
2018-10-01,GOLDBEES.NS,2018-10,2018,10,27.167,27.167,1
2018-11-01,GOLDBEES.NS,2018-11,2018,11,28.4315,28.4315,1
2018-12-03,GOLDBEES.NS,2018-12,2018,12,27.2635,27.2635,3
2019-01-01,GOLDBEES.NS,2019-01,2019,1,28.178,28.178,1
2019-02-01,GOLDBEES.NS,2019-02,2019,2,29.4675,29.4675,1
2019-03-01,GOLDBEES.NS,2019-03,2019,3,29.074,29.074,1
2019-04-01,GOLDBEES.NS,2019-04,2019,4,28.0925,28.0925,1
2019-05-02,GOLDBEES.NS,2019-05,2019,5,27.8115,27.8115,2
2019-06-03,GOLDBEES.NS,2019-06,2019,6,28.5345,28.5345,3
2019-07-01,GOLDBEES.NS,2019-07,2019,7,29.586,29.586,1
2019-08-01,GOLDBEES.NS,2019-08,2019,8,30.4555,30.4555,1
2019-09-03,GOLDBEES.NS,2019-09,2019,9,34.452,34.452,3
2019-10-01,GOLDBEES.NS,2019-10,2019,10,32.6405,32.6405,1
2019-11-01,GOLDBEES.NS,2019-11,2019,11,34.18,34.18,1
2019-12-02,GOLDBEES.NS,2019-12,2019,12,33.4085,33.4085,2
2020-01-01,GOLDBEES.NS,2020-01,2020,1,34.35,34.35,1
2020-02-03,GOLDBEES.NS,2020-02,2020,2,35.91,35.91,3
2020-03-02,GOLDBEES.NS,2020-03,2020,3,37.03,37.03,2
2020-04-01,GOLDBEES.NS,2020-04,2020,4,38.24,38.24,1
2020-05-04,GOLDBEES.NS,2020-05,2020,5,42.73,42.73,4
2020-06-01,GOLDBEES.NS,2020-06,2020,6,41.21,41.21,1
2020-07-01,GOLDBEES.NS,2020-07,2020,7,43.0,43.0,1
2020-08-03,GOLDBEES.NS,2020-08,2020,8,47.29,47.29,3
2020-09-01,GOLDBEES.NS,2020-09,2020,9,45.46,45.46,1
2020-10-01,GOLDBEES.NS,2020-10,2020,10,44.1,44.1,1
2020-11-02,GOLDBEES.NS,2020-11,2020,11,44.62,44.62,2
2020-12-01,GOLDBEES.NS,2020-12,2020,12,42.29,42.29,1
2021-01-01,GOLDBEES.NS,2021-01,2021,1,43.81,43.81,1
2021-02-01,GOLDBEES.NS,2021-02,2021,2,42.34,42.34,1
2021-03-01,GOLDBEES.NS,2021-03,2021,3,39.96,39.96,1
2021-04-01,GOLDBEES.NS,2021-04,2021,4,39.1,39.1,1
2021-05-03,GOLDBEES.NS,2021-05,2021,5,40.69,40.69,3
2021-06-01,GOLDBEES.NS,2021-06,2021,6,42.83,42.83,1
2021-07-01,GOLDBEES.NS,2021-07,2021,7,40.91,40.91,1
2021-08-02,GOLDBEES.NS,2021-08,2021,8,41.53,41.53,2
2021-09-01,GOLDBEES.NS,2021-09,2021,9,40.83,40.83,1
2021-10-01,GOLDBEES.NS,2021-10,2021,10,40.21,40.21,1
2021-11-01,GOLDBEES.NS,2021-11,2021,11,41.28,41.28,1
2021-12-01,GOLDBEES.NS,2021-12,2021,12,41.21,41.21,1
2022-01-03,GOLDBEES.NS,2022-01,2022,1,41.73,41.73,3
2022-02-01,GOLDBEES.NS,2022-02,2022,2,41.55,41.55,1
2022-03-02,GOLDBEES.NS,2022-03,2022,3,44.39,44.39,2
2022-04-01,GOLDBEES.NS,2022-04,2022,4,44.57,44.57,1
2022-05-02,GOLDBEES.NS,2022-05,2022,5,44.16,44.16,2
2022-06-01,GOLDBEES.NS,2022-06,2022,6,43.52,43.52,1
2022-07-01,GOLDBEES.NS,2022-07,2022,7,44.36,44.36,1
2022-08-01,GOLDBEES.NS,2022-08,2022,8,44.22,44.22,1
2022-09-01,GOLDBEES.NS,2022-09,2022,9,43.35,43.35,1
2022-10-03,GOLDBEES.NS,2022-10,2022,10,43.14,43.14,3
2022-11-01,GOLDBEES.NS,2022-11,2022,11,43.31,43.31,1
2022-12-01,GOLDBEES.NS,2022-12,2022,12,45.37,45.37,1
2023-01-02,GOLDBEES.NS,2023-01,2023,1,47.17,47.17,2
2023-02-01,GOLDBEES.NS,2023-02,2023,2,49.41,49.41,1
2023-03-01,GOLDBEES.NS,2023-03,2023,3,47.77,47.77,1
2023-04-03,GOLDBEES.NS,2023-04,2023,4,50.8,50.8,3
2023-05-02,GOLDBEES.NS,2023-05,2023,5,51.31,51.31,2
2023-06-01,GOLDBEES.NS,2023-06,2023,6,50.99,50.99,1
2023-07-03,GOLDBEES.NS,2023-07,2023,7,49.56,49.56,3
2023-08-01,GOLDBEES.NS,2023-08,2023,8,50.69,50.69,1
2023-09-01,GOLDBEES.NS,2023-09,2023,9,50.37,50.37,1
2023-10-03,GOLDBEES.NS,2023-10,2023,10,48.83,48.83,3
2023-11-01,GOLDBEES.NS,2023-11,2023,11,51.76,51.76,1
2023-12-01,GOLDBEES.NS,2023-12,2023,12,53.29,53.29,1
2024-01-01,GOLDBEES.NS,2024-01,2024,1,53.74,53.74,1
2024-02-01,GOLDBEES.NS,2024-02,2024,2,53.46,53.46,1
2024-03-01,GOLDBEES.NS,2024-03,2024,3,52.9,52.9,1
2024-04-01,GOLDBEES.NS,2024-04,2024,4,58.32,58.32,1
2024-05-02,GOLDBEES.NS,2024-05,2024,5,60.85,60.85,2
2024-06-03,GOLDBEES.NS,2024-06,2024,6,60.59,60.59,3
2024-07-01,GOLDBEES.NS,2024-07,2024,7,60.55,60.55,1
2024-08-01,GOLDBEES.NS,2024-08,2024,8,59.09,59.09,1
2024-09-02,GOLDBEES.NS,2024-09,2024,9,60.25,60.25,2
2024-10-01,GOLDBEES.NS,2024-10,2024,10,63.59,63.59,1
2024-11-01,GOLDBEES.NS,2024-11,2024,11,66.92,66.92,1
2024-12-02,GOLDBEES.NS,2024-12,2024,12,63.76,63.76,2
2025-01-01,GOLDBEES.NS,2025-01,2025,1,64.35,64.35,1
2025-02-01,GOLDBEES.NS,2025-02,2025,2,68.95,68.95,1
2025-03-03,GOLDBEES.NS,2025-03,2025,3,71.36,71.36,3
2025-04-01,GOLDBEES.NS,2025-04,2025,4,76.72,76.72,1
2025-05-02,GOLDBEES.NS,2025-05,2025,5,78.38,78.38,2
2025-06-02,GOLDBEES.NS,2025-06,2025,6,80.52,80.52,2
2025-07-01,GOLDBEES.NS,2025-07,2025,7,81.05,81.05,1
2025-08-01,GOLDBEES.NS,2025-08,2025,8,81.95,81.95,1
2025-09-01,GOLDBEES.NS,2025-09,2025,9,86.61,86.61,1
2025-10-01,GOLDBEES.NS,2025-10,2025,10,97.63,97.63,1
2025-11-03,GOLDBEES.NS,2025-11,2025,11,100.05,100.05,3
2025-12-01,GOLDBEES.NS,2025-12,2025,12,106.72,106.72,1
2026-01-01,GOLDBEES.NS,2026-01,2026,1,110.52,110.52,1
2026-02-02,GOLDBEES.NS,2026-02,2026,2,118.67,118.67,2
2026-03-02,GOLDBEES.NS,2026-03,2026,3,138.32,138.32,2
2026-04-01,GOLDBEES.NS,2026-04,2026,4,123.37,123.37,1
2026-05-01,GOLDBEES.NS,2026-05,2026,5,123.43,123.43,1
2026-06-01,GOLDBEES.NS,2026-06,2026,6,127.49,127.49,1
2026-07-01,GOLDBEES.NS,2026-07,2026,7,115.46,115.46,1
2026-08-03,GOLDBEES.NS,2026-08,2026,8,117.26,117.26,3
2026-09-01,GOLDBEES.NS,2026-09,2026,9,125.34,125.34,1
